{
    "loss": 14.950952529907227,
    "accuracy": 0.5035971403121948
}