{
    "loss": 27.971437454223633,
    "accuracy": 0.5467625856399536
}