{
    "loss": 18581.626953125,
    "accuracy": 0.4838709533214569
}