{
    "loss": 0.4361313581466675,
    "accuracy": 0.8924731016159058
}